<?xml version="1.0" encoding="UTF-8" standalone="yes"?>
<addon id="plugin.video.primevideo" name="[COLOR blue]prime[/COLOR][B][COLOR white]video[/COLOR][/B]" version="1.0" provider-name="[COLOR white] by [/COLOR] [COLOR blue][B]ADELVAN[/B][/COLOR]"> 
<requires>
    <import addon="xbmc.python" version="3.0.0"/>
    <import addon="script.module.requests"/>
    <import addon="script.module.simplejson"/>
	<import addon="script.module.kodi-six" />
</requires>  
<extension point="xbmc.python.pluginsource" library="default.py">
	<provides>video</provides>
</extension>

<extension point="xbmc.addon.repository" name="[COLOR blue]prime[/COLOR][B][COLOR white]video REPO MATRIX[/COLOR][/B]">
	<info compressed="false"></info>
	<checksum></checksum>
    <datadir zip="true"></datadir>
</extension>

<extension point="xbmc.addon.metadata">
<summary lang="en">[COLOR blue]Sobre:[/COLOR]</summary>
        <description lang="en">[COLOR blue]l[/COLOR] FILMES [COLOR blue]l[/COLOR] SERIES [COLOR blue]l[/COLOR] KIDS [COLOR blue]l[/COLOR] ANIMES [COLOR blue]l[/COLOR] LANCAMENTOS [COLOR blue]l[/COLOR] HD [COLOR blue]l[/COLOR] FHD [COLOR blue]l[/COLOR]
[COLOR blue]l[/COLOR] O autor nao hospeda nem possui nenhum conteudo encontrado neste addon. O autor nao e responsavel pelo uso e pelo conteudo encontrado neste addon [COLOR blue]l[/COLOR]

[COLOR blue]l[/COLOR][B][COLOR white]prime[/COLOR][COLOR blue]video[/B] [/COLOR][COLOR blue]l[/COLOR] - O MELHOR DO CINEMA NO SEU KODI - 100% FHD [COLOR blue]l[/COLOR]</description>
        <disclaimer lang="en">O autor nao e de forma alguma afiliado a Kodi, a Team Kodi ou a XBMC Foundation. Este e um recurso sem fins lucrativos, organizado exclusivamente para fins educacionais e protegido pela doutrina de uso justo da Lei de Direitos Autorais, especificamente a secao 107, que promove a liberdade de expressao, permitindo o uso nao licenciado de obras protegidas por direitos autorais.</disclaimer>
        <website></website>
        <email>webplayads10@gmail.com</email>
        <news>[COLOR blue]l[/COLOR] Atualizacao v1.0 [COLOR blue]l[/COLOR]

[COLOR blue]l[/COLOR] Adicionado Menu de Suporte [COLOR blue]l[/COLOR]
[COLOR blue]l[/COLOR] Em desenvovimento [COLOR blue]l[/COLOR]
[COLOR blue]l[/COLOR] Só Conteudos em FHD [COLOR blue]l[/COLOR]

[B][COLOR blue]l[/COLOR][COLOR blue]prime[/COLOR][B][COLOR white]video[/COLOR][/B][B][COLOR blue]l[/COLOR][/B]</news>
        <platform>all</platform>
        <assets>
            <icon>icon.png</icon>
            <fanart>fanart.jpg</fanart>
            <screenshot>resources/screenshots/1.jpg</screenshot>
            <screenshot>resources/screenshots/2.jpg</screenshot>
            <screenshot>resources/screenshots/3.jpg</screenshot>
        </assets>
    </extension>
</addon>
