<?xml version="1.0" encoding="UTF-8" standalone="yes"?>
<addon id="primevideo.REPO" name="[COLOR blue]prime[/COLOR][B][COLOR white]video[/COLOR][/B]" version="1.0+matrix" provider-name="by primevideo">
    <extension point="xbmc.addon.repository" name="[COLOR blue]prime[/COLOR][B][COLOR white]video[/COLOR][/B]">
        <dir>
            <info compressed="false">https://raw.githubusercontent.com/webplay10/primevideo.REPO/master/zips/addons.xml</info>
            <checksum>https://raw.githubusercontent.com/webplay10/primevideo.REPO/master/zips/addons.xml.md5</checksum>
            <datadir zip="true">https://raw.githubusercontent.com/webplay10/primevideo.REPO/master/zips/</datadir>
	    </dir>
    </extension>
    <extension point="xbmc.addon.metadata">
        <summary>REPO_NOME_AQUI</summary>
        <description>RESUMO DE SEU REPO AQUI</description>
        <disclaimer></disclaimer>
        <platform>all</platform>
        <assets>
            <icon>icon.png</icon>
            <fanart>fanart.jpg</fanart>
        </assets>
    </extension>
</addon>
